product, price
https://www.amazon.fr/Vital-Innovation-Si%C3%A8ge-pot-de-Luxe/dp/B003TW5858,EUR 25.63
https://www.amazon.fr/IKEA-LOCKIG-Children-s-potty-green/dp/9178907659,EUR 11.27 - EUR 43.00
https://www.amazon.fr/Summer-Infant-Pot-Taille-B%C3%A9b%C3%A9/dp/B01LYP2W3L,EUR 32.04 - EUR 90.93
https://www.amazon.fr/Ikea-Lilla-Enfant-Plastique-Vert/dp/B00BR2UF78,EUR 11.25
https://www.amazon.fr/Summer-Infant-pour-enfant-Rose/dp/B00KY0CEH8,EUR 33.10 - EUR 74.60
https://www.amazon.fr/BabyBj%C3%B6rn-55125-BABYBJ%C3%96RN-Fauteuil-Gris/dp/B005LFLMGA,EUR 24.99 - EUR 66.60
https://www.amazon.fr/OKT-dapprentissage-Antid%C3%A9rapant-plastique-Plastique/dp/B07BLZHJR2,EUR 13.75
https://www.amazon.fr/BabyBj%C3%B6rn-51025-BABYBJ%C3%96RN-Smart-Gris/dp/B005LFLMNI,EUR 20.61 - EUR 44.60
https://www.amazon.fr/Okay-Baby-N38915435X-3-891-5435-Pot/dp/B075NDFR9G,EUR 11.99 - EUR 24.67
https://www.amazon.fr/Malayas%C2%AE-B%C3%A9b%C3%A9-Toilette-Portable-Ergonomique-Confortable/dp/B074MR5ZJM,EUR 18.19
https://www.amazon.fr/Kindsgut-toilette-enfant-lapprentissage-propret%C3%A9/dp/B076BD9GHD,EUR 29.99
https://www.amazon.fr/QIANGUANG-Abattant-Toilette-Toilettes-Trainer/dp/B06Y469WZL,EUR 10.88 - EUR 36.88
https://www.amazon.fr/Monsieur-B%C3%A9b%C3%A9-toilette-couvercle-transport/dp/B0761Q83GG,EUR 8.90
https://www.amazon.fr/transforme-r%C3%A9ducteur-marchepied-amovibles-portable/dp/B01IDWU6ZA,EUR 31.20
https://www.amazon.fr/Big-800056801-Pot-pour-Enfant/dp/B004P1IGLK,EUR 22.99
https://www.amazon.fr/B%C3%89ABA-Pot-dApprentissage-Ergonomique-Bleu/dp/B019FKFYJC,EUR 20.95 - EUR 39.80
